
fernanda_silva347:fernanda
medamine4192:medamine
gustavonascimento_24:gustavo
fernandezlucianodylan:luciano
marianafernandezs_:mariana
doumos57:doumos
lakshmih842:lakshmi
lakshmih842:lakshmih
gabrielachantal11:gabriela
yadavasudhira4:sudhir
khalil.jbely:khaliljbely
jeffersonogueira12345:nogueira
hinastyles5:styles
davis.arias:davisarias
mismuskan2:muskan
boumd_iene:boumdiene
giovanna._.meig06:giovanna
jessi_cawilfred:wilfred
deepakprajapt2021:deepak
01.274205600:01274205600
rajbharshivam482:shivam
moka.lay:mokalay
valentinaxd743:valenti
sersinghthakur825:thakur
jeremiasmachadopere:jeremias
shai.lesh1506:shailesh
nawazpathan312:pathan
tukaram8223:tukaram
domingosabdo:domingos
bello_muhammad58:muhammad
bainivalu_:bainivalu
rafaeldelfin2:delfin
team.asthetics:teamasthetics
baby__ana__:babyana
itsdimple83:dimple
mohamadelamine13:mohamad
sharmiladasparamanik:sharmi
mohamadelamine13:mohamade
dwarkesh_soni05:dwarkeshsoni
rise.palestine:risepalestine
matiasmedelyn505:matias
eko.rayz:ekorayz
priyavignesh56:vignesh
mohamad.rashty:mohamad
riteshparmar7824:ritesh
marco.fiore_:marcofiore
bontle_moubane:bontlemoubane
_anagha.anuz_:anaghaanuz
_magic._box_:magicbox
lohith.d4:lohithd
bhavanak808:bhavana
rase_semola:rasesemola
bhavanak808:bhavanak
beaugosk33:beaugosk
dindah_syng:dindah
loaiza_amarilla:loaizaamarilla
sina.kingmax:sinakingmax
aalvinyuli:aalvinyuli
fio.relamedina:fiorelamedina
ricamaemarcelo9:marcelo
team._pedraza:pedraza
jyull.ya:jyullya
yashking1487:yashking
ionu.tdavid:ionutdavid
malakalamri_fan:malakalamrifan
ranveer.matoria:Ranveer matoria
sivakrishnag396:sivakrishnag
bguambe6852021:bguambe
gio_latooy1:giolatooy
te_konto_jest_fajne_:tekontojestfajne
flavia.numa:flavianuma
kartikpujari28:kartik
jennadeep_:jennadeep
nithish.knithi.k:nithish
aja.nil:ajanil
legendkarthik143:karthi
tmashoboy:tmashoboy
legendkarthik143:karthik
praveenapcpraveena:praveen
mohamadshah4360:mohamad
tnmaheiy:tnmaheiy
youngever316:younge
anjaliraj531:anjali
_aksharatyagi_:aksharatyagi
cips_ikola:cipsikola
lakeshshinde68828:shinde
sam_ira5651:samira
tyaga.kapoor:tyagakapoor
ssangeetha4956:sa love
worldcinema__:worldcinema
suhail_kieg:suhail
madhavgha:madhav
_random_all_:randomall
qaz.altak:qazaltak
fahmieka.s:fahmiekas
yo.uness6482:youness
kuthin_goud:kuthingoud
yuvan3704:yuvan vasee
nikhilverma721:nikhil
go.utam430:goutam
mukesh.nishad93:mukesh
mias_wan:miaswan
angela__denis:angeladenis
anette_falerina_ahmad:anette
phan_athu:phanathu
moa_de_corazon_:moadecorazon
ajmer.diaries:ajmerdiaries
ramesh_ashok._jadhav:ramesh
kaushikbarde2.0:kaushik
paradisepeter9:paradis
jhen_sel:jhensel
shashikumarshashikumar644:shashi
k.abdheshkumar:kabdheshkumar
jayden_coal_man:jaydencoalman
winwinbunn:winwinbunn
moaa.lim:moaalim
lolo.vien:lolovien
adityaandotra49:aditya
saddamsiddiki2020:saddam
jennyde.latorre:jennydelatorre
aiai__privado__:privado
nayaswarts:Naya swarts
vignesh.u.u:vignesh
mat.vcunha:matvcunha
kuku_rew:kukurew
sajjadsaje4:sajjad
vanshkaushik98999:kaushik
123harshadeep456789:harsha
123harshadeep456789:harshad
epic._.dpic:epicdpic
mariangelantonella14:mariangel
piloz_frank:pilozfrank
chinniharshita9:chinni
fadia_rahmah:fadiarahmah
djenner5:djenner
layla.rbx:laylarbx
kiran.sid:kiransid
kiara_dervishi_:kiaradervishi
kasi.alka:kasialka
kral.sanki:kralsanki
juliocesarpalacio145:juliocesar
kaly.an1550:kalyan
athina_spil:athinaspil
deed_sarav:deedsarav
mahadev__rj35:mahadev
fof_olofo:fofolofo
king_prakash_007_k:prakash
weberti962:weberti
chuangtei_:chuangtei
vaibhavtayade500:vaibhav
gurbir7711warraich:warraich
dinot_z:dinanuraini
nycoly_ribeiro_souza_123:ribeiro
muhammadfarhan2974:farhan
rjthakor727:thakor
_sufiasfurlani_:sufiasfurlani
gabrielmendes5883:gabriel